{
  "metrics": {
    "responseTime": [
      115.79425999999998,
      139.67911800000002,
      161.65997699999997,
      176.76604500000002,
      190.38101500000002,
      14.234397999999942,
      17.23139900000001,
      21.215929000000074,
      25.90750700000001,
      27.887008000000037,
      47.22569599999997,
      47.217346000000134,
      54.64164600000004,
      54.941625999999815,
      98.19311200000016,
      8.044699999999693,
      39.088126999999986,
      40.73998699999993,
      40.787667000000056,
      40.86921700000016,
      115.45676000000003,
      115.97922000000017,
      116.13472999999976,
      140.46203800000012,
      148.03456800000004,
      23.594498999999814,
      35.9521679999998,
      38.40208699999994,
      40.11875699999973,
      47.59380599999986,
      20.957358999999997,
      21.110258000000158,
      31.598637000000053,
      35.38730799999985,
      35.743656999999985,
      16.477457999999842,
      16.813348000000133,
      24.353246999999556,
      25.003388000000086,
      25.306336999999985,
      83.14845300000025,
      83.63531400000011,
      90.36223299999983,
      90.9677029999998,
      91.74549300000035,
      19.294428000000153,
      30.97385800000029,
      31.69500700000026,
      31.52912699999979,
      33.38332700000046,
      12.033849000000373,
      17.75669900000048,
      19.313868000000184,
      39.119376999999986,
      43.1246970000002,
      6.484988999999587,
      16.385158000000047,
      17.016239000000496,
      17.09755800000039,
      17.15893799999958,
      165.58979700000054,
      165.661787,
      165.75496699999985,
      194.17381400000068,
      194.34749399999964,
      12.381098999999267,
      11.886378999999579,
      17.551648999999998,
      23.63275900000008,
      24.05163900000025,
      17.833377999999357,
      63.53630499999963,
      64.79536400000052,
      65.66531399999985,
      68.31477399999949,
      19.64122900000075,
      26.082738000000063,
      36.68500700000004,
      37.097186999999394,
      37.24168699999973
    ],
    "statusCodes": {
      "200": 80
    },
    "contentTypes": {
      "text/html; charset=utf-8": 80
    },
    "contentSizes": [
      10920,
      10920,
      10920,
      10920,
      10920,
      10920,
      10920,
      10920,
      10920,
      10920,
      10920,
      10920,
      10920,
      10920,
      10920,
      10920,
      10920,
      10920,
      10920,
      10920,
      10920,
      10920,
      10920,
      10920,
      10920,
      10920,
      10920,
      10920,
      10920,
      10920,
      10920,
      10920,
      10920,
      10920,
      10920,
      10920,
      10920,
      10920,
      10920,
      10920,
      10920,
      10920,
      10920,
      10920,
      10920,
      10920,
      10920,
      10920,
      10920,
      10920,
      10920,
      10920,
      10920,
      10920,
      10920,
      10920,
      10920,
      10920,
      10920,
      10920,
      10920,
      10920,
      10920,
      10920,
      10920,
      10920,
      10920,
      10920,
      10920,
      10920,
      10920,
      10920,
      10920,
      10920,
      10920,
      10920,
      10920,
      10920,
      10920,
      10920
    ],
    "totalRequests": 80,
    "successfulRequests": 80,
    "failedRequests": 0
  },
  "summary": {
    "totalDuration": 7173.526644,
    "avgResponseTime": 58.014201150000005,
    "minResponseTime": 6.484988999999587,
    "maxResponseTime": 194.34749399999964,
    "p95ResponseTime": 165.75496699999985,
    "avgContentSize": 10920,
    "performanceScore": 93,
    "assessment": "EXCELLENT - The application performs exceptionally well."
  }
}